{
  "id": "future-of-ai-workforce-2026",
  "title": "The Future of AI in the Global Workforce",
  "slug": "TechnologySolutions/ArtificialIntelligence/Future-of-AI-in-the-Global-Workforce",
  "category": "Technology Solutions",
  "labels": [
    "Artificial Intelligence",
    "Future Tech",
    "Automation",
    "Workforce",
    "Innovation"
  ],
  "author": "Mayobe Bros Editorial",
  "publishedAt": "2026-02-12",
  "featuredImage": "/images/posts/ai-hero.jpg",
  "excerpt": "Discover how Artificial Intelligence is reshaping industries, redefining careers, and creating new global opportunities in 2026 and beyond.",
  "seo": {
    "metaTitle": "The Future of AI in the Global Workforce | Mayobe Bros",
    "metaDescription": "Explore how AI is transforming industries, creating new career paths, and shaping the global workforce of tomorrow.",
    "keywords": [
      "AI workforce",
      "future of artificial intelligence",
      "automation jobs",
      "AI careers",
      "technology trends 2026"
    ]
  },
  "content": "<style>\n.post-hero{position:relative;height:800vh;background:url('/images/posts/ai-hero.jpg') center/cover no-repeat;display:flex;align-items:center;justify-content:center;color:#fff;}\n.post-hero::after{content:'';position:absolute;bottom:0;left:0;width:100%;height:50%;background:linear-gradient(to top,rgba(0,0,0,0.85),transparent);} \n.hero-title{position:absolute;font-size:3rem;font-weight:700;text-align:center;z-index:2;padding:20px 40px;background:rgba(0,0,0,0.45);backdrop-filter:blur(8px);border-radius:12px;} \n.toc-container{position:sticky;top:20px;max-height:300px;overflow-y:auto;padding:20px;background:#111;color:#fff;border-radius:10px;margin:40px 0;} \n.toc-container a{display:block;padding:8px 0;color:#4da6ff;text-decoration:none;} \n.toc-container a:hover{text-decoration:underline;} \n.post-section{margin:60px 0;line-height:1.9;font-size:1.1rem;} \n.post-section img{width:100%;border-radius:14px;margin:25px 0;} \n</style>\n\n<div class='post-hero'>\n<div class='hero-title'>The Future of AI in the Global Workforce</div>\n</div>\n\n<div class='toc-container'>\n<strong>Table of Contents</strong>\n<a href='#section1'>1. The Rise of Intelligent Automation</a>\n<a href='#section2'>2. AI and Human Collaboration</a>\n<a href='#section3'>3. Emerging Career Opportunities</a>\n<a href='#section4'>4. Ethical Considerations & Regulations</a>\n<a href='#section5'>5. Preparing for the AI-Driven Future</a>\n</div>\n\n<div class='post-section' id='section1'>\n<h2>1. The Rise of Intelligent Automation</h2>\n<img src='/images/posts/automation-industry.jpg' alt='AI Automation Industry' />\n<p>Artificial Intelligence is transforming industries through intelligent automation systems capable of handling repetitive, analytical, and operational tasks. From robotics in manufacturing plants to AI-powered customer service systems, automation improves productivity and significantly reduces operational costs.</p>\n<p>Organizations that integrate AI-driven systems gain competitive advantages by minimizing errors, increasing speed, and enhancing strategic decision-making processes through predictive analytics.</p>\n</div>\n\n<div class='post-section' id='section2'>\n<h2>2. AI and Human Collaboration</h2>\n<img src='/images/posts/human-ai-collaboration.jpg' alt='Human AI Collaboration' />\n<p>AI is not designed to eliminate human roles but to enhance them. Modern workplaces use AI tools to support professionals in data interpretation, workflow optimization, and creative innovation.</p>\n<p>In healthcare, AI assists doctors in diagnosing diseases earlier. In finance, predictive systems detect fraud before it escalates. The synergy between human intelligence and machine efficiency defines the future workplace.</p>\n</div>\n\n<div class='post-section' id='section3'>\n<h2>3. Emerging Career Opportunities</h2>\n<img src='/images/posts/ai-careers.jpg' alt='AI Career Opportunities' />\n<p>The expansion of AI technology has created new professional roles such as Machine Learning Engineers, AI Ethics Specialists, Data Scientists, and Automation Consultants.</p>\n<p>Educational institutions are adapting curricula to prepare students for AI-driven industries. Continuous learning and digital literacy are becoming essential skills for future success.</p>\n</div>\n\n<div class='post-section' id='section4'>\n<h2>4. Ethical Considerations & Regulations</h2>\n<img src='/images/posts/ai-ethics.jpg' alt='AI Ethics and Regulation' />\n<p>As AI systems become more powerful, concerns about privacy, bias, and accountability intensify. Governments worldwide are introducing regulations to ensure ethical deployment and protect user data.</p>\n<p>Responsible AI development includes transparent algorithms, fairness audits, and compliance with global digital standards.</p>\n</div>\n\n<div class='post-section' id='section5'>\n<h2>5. Preparing for the AI-Driven Future</h2>\n<p>Businesses must invest in employee training, digital transformation strategies, and ethical innovation frameworks to remain competitive.</p>\n<p>The future workforce will thrive not by competing with AI, but by learning how to collaborate effectively with intelligent systems.</p>\n</div>"
}

